{"cameraMode":{"drawMode":0,"name":"Shaded","section":"Shading Mode"},"sceneLighting":false,"audioPlay":false,"sceneViewState":{"showFog":false,"showMaterialUpdate":false,"showSkybox":false,"showFlares":false,"showImageEffects":false,"showParticleSystems":false,"showVisualEffectGraphs":true,"m_FxEnabled":true},"in2DMode":false,"pivot":{"x":0.16338151693344117,"y":0.696839451789856,"z":0.04490458965301514},"rotation":{"x":-0.013049178756773472,"y":-0.9825893640518189,"z":0.07561611384153366,"w":-0.16937929391860963},"size":1.044063687324524,"orthographic":false}