{"cameraMode":{"drawMode":0,"name":"Shaded","section":"Shading Mode"},"sceneLighting":true,"audioPlay":false,"sceneViewState":{"showFog":true,"showMaterialUpdate":false,"showSkybox":true,"showFlares":true,"showImageEffects":true,"showParticleSystems":true,"showVisualEffectGraphs":true,"m_FxEnabled":true},"in2DMode":false,"pivot":{"x":7.309756755828857,"y":166.3963165283203,"z":137.14663696289063},"rotation":{"x":-0.26631301641464236,"y":0.034465301781892779,"z":-0.010288945399224759,"w":-0.9634217023849487},"size":0.8481153845787048,"orthographic":false}