{"cameraMode":{"drawMode":0,"name":"Shaded","section":"Shading Mode"},"sceneLighting":true,"audioPlay":false,"sceneViewState":{"showFog":true,"showMaterialUpdate":false,"showSkybox":true,"showFlares":true,"showImageEffects":true,"showParticleSystems":true,"showVisualEffectGraphs":true,"m_FxEnabled":true},"in2DMode":false,"pivot":{"x":88.09027099609375,"y":100.79225158691406,"z":134.51812744140626},"rotation":{"x":0.0009471348021179438,"y":-0.9985669255256653,"z":0.05069449543952942,"w":0.024873968213796617},"size":3.633664131164551,"orthographic":false}