{"cameraMode":{"drawMode":0,"name":"Shaded","section":"Shading Mode"},"sceneLighting":true,"audioPlay":false,"sceneViewState":{"showFog":true,"showMaterialUpdate":false,"showSkybox":true,"showFlares":true,"showImageEffects":true,"showParticleSystems":true,"showVisualEffectGraphs":true,"m_FxEnabled":true},"in2DMode":false,"pivot":{"x":10.017861366271973,"y":166.9145050048828,"z":137.10296630859376},"rotation":{"x":0.21768565475940705,"y":-0.09470124542713165,"z":0.021226447075605394,"w":0.9711847305297852},"size":1.4741621017456055,"orthographic":true}