{"cameraMode":{"drawMode":0,"name":"Shaded","section":"Shading Mode"},"sceneLighting":true,"audioPlay":false,"sceneViewState":{"showFog":true,"showMaterialUpdate":false,"showSkybox":true,"showFlares":true,"showImageEffects":true,"showParticleSystems":true,"showVisualEffectGraphs":true,"m_FxEnabled":true},"in2DMode":false,"pivot":{"x":10.07434368133545,"y":165.7674560546875,"z":141.24783325195313},"rotation":{"x":-0.20367667078971864,"y":0.11843796074390412,"z":-0.025706013664603235,"w":-0.9717239141464233},"size":2.7744104862213136,"orthographic":false}