{"cameraMode":{"drawMode":0,"name":"Shaded","section":"Shading Mode"},"sceneLighting":false,"audioPlay":false,"sceneViewState":{"showFog":true,"showMaterialUpdate":false,"showSkybox":false,"showFlares":true,"showImageEffects":true,"showParticleSystems":true,"showVisualEffectGraphs":true,"m_FxEnabled":true},"in2DMode":false,"pivot":{"x":1.559999942779541,"y":1.3444061279296876,"z":-1.5203487873077393},"rotation":{"x":0.16756302118301392,"y":-0.09365548938512802,"z":0.01734025962650776,"w":0.9815123677253723},"size":1.3294885158538819,"orthographic":true}